idx,block,feePpm,sumSq
0,5188510933174670583,1000,0
1,5188510933174670583,1100,46656
2,5590781107380416153,1400,321489
3,5590781107380416153,349155,43158514
4,5590781107380416153,63555,66304235
5,7426045349358816311,212655,115010676
6,7426045349358816311,1155,115188760
7,7426045349358816311,1055,115189601
8,7426045349358816311,137955,156021701
9,7426045349358816311,37155,171782601
10,7426045349358816311,20655,180579757
11,7426045349358816311,15455,186935198
12,7426045349358816311,33455,200083074
13,7426045349358816311,15455,206968450
14,7426045349358816311,1055,206968450
15,7426045349358816311,1055,206986139
16,7426045349358816311,5955,209188395
17,7426045349358816311,9155,212979204
18,7426045349358816311,1055,212979213
19,7426045349358816311,1455,213356209
20,7426045349358816311,2655,214206293
21,7426045349358816311,1055,214206357
22,7426045349358816311,1055,214207257
23,7426045349358816311,1155,214318813
24,7426045349358816311,1055,214318814
25,7426045349358816311,1055,214318850
26,7426045349358816311,1455,214568850
27,7426045349358816311,1055,214569475
28,7426045349358816311,1055,214569491
29,7426045349358816311,1055,214569491
30,7426045349358816311,1055,214569491
31,7426045349358816311,1055,214578707
32,7426045349358816311,1055,214578903
33,7426045349358816311,1055,214578912
34,7426045349358816311,1055,214578912
35,7426045349358816311,1055,214597681
36,7426045349358816311,1055,214597697
37,7426045349358816311,1055,214597698
38,7426045349358816311,1055,214598539
39,7426045349358816311,1155,214686155
40,7426045349358816311,1055,214689636
41,7426045349358816311,1055,214691940
42,7426045349358816311,1055,214694056
43,7426045349358816311,1055,214695656
44,7426045349358816311,1055,214700417
45,7426045349358816311,1055,214700642
46,7426045349358816311,1055,214703891
47,7426045349358816311,1055,214708380
48,7426045349358816311,1055,214708384
49,7426045349358816311,1055,214708553
50,7426045349358816311,1055,214708602
51,7426045349358816311,1055,214709002
52,7426045349358816311,1055,214709363
53,7426045349358816311,1055,214709363
54,7426045349358816311,1055,214713084
55,7426045349358816311,1055,214713084
56,7426045349358816311,1055,214713085
57,7426045349358816311,1055,214722886
58,7426045349358816311,23555,223484486
59,7426045349358816311,1055,223485062
60,7426045349358816311,15455,229531743
61,7426045349358816311,1955,230030179
62,7426045349358816311,1055,230030180
63,7426045349358816311,2655,230722404
64,7426045349358816311,1055,230728488
65,7426045349358816311,1055,230728489
66,7426045349358816311,1055,230746445
67,7426045349358816311,3555,232075854
68,7426045349358816311,3555,233325778
69,7426045349358816311,1155,233469419
70,7426045349358816311,1055,233475503
71,7426045349358816311,1455,233758527
72,7426045349358816311,1155,233904451
73,7426045349358816311,1055,233904451
74,7426045349358816311,1055,233904455
75,7426045349358816311,1055,233904455
76,7426045349358816311,1055,233904456
77,7426045349358816311,1055,233904472
78,7426045349358816311,1455,234115153
79,7426045349358816311,1155,234182753
80,7426045349358816311,1155,234250874
81,7426045349358816311,1055,234250874
82,7426045349358816311,3555,235596474
83,7426045349358816311,1055,235596478
84,7426045349358816311,1055,235611362
85,7426045349358816311,1155,235748262
86,7426045349358816311,1155,235792362
87,7426045349358816311,194655,276241962
88,7426045349358816311,1155,276343723
89,7426045349358816311,49455,291452492
90,7426045349358816311,1055,291452492
91,7426045349358816311,1055,291452492
92,7426045349358816311,1055,291452492
93,7426045349358816311,1055,291452492
94,7426045349358816311,1055,291452528
95,7426045349358816311,1455,291810132
96,7426045349358816311,1055,291853396
97,7426045349358816311,1055,291853397
98,7426045349358816311,1955,292482246
99,7426045349358816311,1455,292681162
100,7426045349358816311,1055,292684187
101,7426045349358816311,1055,292684187
102,7426045349358816311,1055,292684187
103,7426045349358816311,1055,292684196
104,7426045349358816311,1055,292694397
105,7426045349358816311,1155,292738497
106,7426045349358816311,2655,293469522
107,7426045349358816311,1455,293680203
108,7426045349358816311,1455,293939284
109,7426045349358816311,7455,296609240
110,7426045349358816311,1155,296658081
111,7426045349358816311,1155,296778490
112,7426045349358816311,1155,296870906
113,7426045349358816311,1155,296965770
114,7426045349358816311,1055,296982670
115,7426045349358816311,1055,296982670
116,7426045349358816311,1055,296995439
117,7426045349358816311,1155,297069423
118,7426045349358816311,1055,297088192
119,7426045349358816311,1055,297116416
120,7426045349358816311,1055,297119441
121,7426045349358816311,1055,297119441
122,7426045349358816311,1055,297119441
123,7426045349358816311,1055,297123537
124,7426045349358816311,1055,297129162
125,7426045349358816311,1055,297151963
126,7426045349358816311,1055,297151963
127,7426045349358816311,1055,297151963
128,7426045349358816311,1055,297151963
129,7426045349358816311,1155,297277988
130,7426045349358816311,1055,297277992
131,7426045349358816311,1055,297303592
132,7426045349358816311,1055,297304681
133,7426045349358816311,1055,297307817
134,7426045349358816311,1055,297324201
135,7426045349358816311,1055,297346402
136,7426045349358816311,1055,297346402
137,7426045349358816311,1055,297364358
138,7426045349358816311,1055,297367062
139,7426045349358816311,1055,297371031
140,7426045349358816311,1055,297371031
141,7426045349358816311,1055,297378775
142,7426045349358816311,1055,297379304
143,7426045349358816311,1055,297379305
144,7426045349358816311,9155,301189609
145,7426045349358816311,1055,301189618
146,7426045349358816311,1955,301679618
147,7426045349358816311,1055,301679618
148,7426045349358816311,1055,301679618
149,7426045349358816311,11055,306742118
150,7426045349358816311,2655,307661799
151,7426045349358816311,1955,308349040
152,7426045349358816311,1055,308349184
153,7426045349358816311,1455,308717633
154,7426045349358816311,2655,309711642
155,7426045349358816311,3555,310993066
156,7426045349358816311,2655,311987075
157,7426045349358816311,1055,311987111
158,7426045349358816311,1055,311987111
159,7426045349358816311,1055,311987111
160,7426045349358816311,1055,311987111
161,7426045349358816311,1055,311987112
162,7426045349358816311,1055,311987121
163,7426045349358816311,1955,312514197
164,7426045349358816311,1055,312514197
165,7426045349358816311,1055,312514198
166,7426045349358816311,1055,312514207
167,7426045349358816311,1055,312514211
168,7426045349358816311,1055,312514220
169,7426045349358816311,1055,312514220
170,7426045349358816311,1055,312514220
171,7426045349358816311,1055,312514220
172,7426045349358816311,1055,312514220
173,7426045349358816311,1055,312517701
174,7426045349358816311,1155,312581205
175,7426045349358816311,1055,312589486
176,7426045349358816311,1055,312589486
177,7426045349358816311,1455,312932882
178,7426045349358816311,1055,312934038
179,7426045349358816311,1055,312944038
180,7426045349358816311,1055,312946847
181,7426045349358816311,1055,312961247
182,7426045349358816311,1055,312961247
183,7426045349358816311,1055,312961247
184,7426045349358816311,1055,312961247
185,7426045349358816311,1055,312961247
186,7426045349358816311,1055,312998883
187,7426045349358816311,1055,313013283
188,7426045349358816311,1055,313049764
189,7426045349358816311,1055,313057864
190,7426045349358816311,1155,313203788
191,7426045349358816311,1155,313311372
192,7426045349358816311,1155,313426972
193,7426045349358816311,1055,313426972
194,7426045349358816311,1055,313444661
195,7426045349358816311,1055,313449017
196,7426045349358816311,1055,313455101
197,7426045349358816311,1155,313539782
198,7426045349358816311,1055,313553706
199,7426045349358816311,1155,313720987
200,7426045349358816311,1155,313820843
201,7426045349358816311,1055,313820843
202,7426045349358816311,1055,313839068
203,7426045349358816311,1055,313866624
204,7426045349358816311,1055,313866624
205,7426045349358816311,1055,313866624
206,7426045349358816311,1055,313869025
207,7426045349358816311,1155,313994341
208,7426045349358816311,1155,314054366
209,7426045349358816311,1055,314054366
210,7426045349358816311,1055,314062830
211,7426045349358816311,1155,314125330
212,7426045349358816311,1055,314159186
213,7426045349358816311,1055,314161035
214,7426045349358816311,1155,314299419
215,7426045349358816311,2655,315164319
216,7426045349358816311,1155,315313315
217,7426045349358816311,1155,315394540
218,7426045349358816311,4655,317131664
219,7426045349358816311,1055,317162640
220,7426045349358816311,1455,317334865
221,7426045349358816311,1155,317379809
222,7426045349358816311,1055,317379809
223,7426045349358816311,1055,317395685
224,7426045349358816311,1455,317759294
225,7426045349358816311,1155,317830050
226,7426045349358816311,1155,317883411
227,7426045349358816311,1055,317887636
228,7426045349358816311,1155,317988760
229,7426045349358816311,1055,317996156
230,7426045349358816311,1055,318041100
231,7426045349358816311,1055,318081904
232,7426045349358816311,1155,318132080
233,7426045349358816311,1155,318208256
234,7426045349358816311,1155,318302505
235,7426045349358816311,1455,318533866
236,7426045349358816311,7455,321488827
237,7426045349358816311,1055,321488827
238,7426045349358816311,1055,321509563
239,7426045349358816311,1055,321517307
240,7426045349358816311,1155,321609723
241,7426045349358816311,1055,321619723
242,7426045349358816311,1055,321630127
243,7426045349358816311,1455,321834431
244,7426045349358816311,3555,323208015
245,7426045349358816311,1455,323376115
246,7426045349358816311,1055,323376115
247,7426045349358816311,1055,323379596
248,7426045349358816311,1055,323387877
249,7426045349358816311,3555,324395893
250,7426045349358816311,1955,324780293
251,7426045349358816311,1055,324780393
252,7426045349358816311,1055,324782697
253,7426045349358816311,1055,324787458
254,7426045349358816311,1155,324858747
255,7426045349358816311,1055,324858747
256,7426045349358816311,1055,324858747
257,7426045349358816311,1055,324859423
258,7426045349358816311,1055,324859423
259,7426045349358816311,1055,324864752
260,7426045349358816311,1055,324864752
261,7426045349358816311,1055,324864761
262,7426045349358816311,1055,324864761
263,7426045349358816311,1055,324864762
264,7426045349358816311,1055,324864763
265,7426045349358816311,1455,325142492
266,7426045349358816311,1055,325149888
267,7426045349358816311,1055,325149888
268,7426045349358816311,1055,325149888
269,7426045349358816311,1055,325152004
270,7426045349358816311,1055,325156229
271,7426045349358816311,1055,325156229
272,7426045349358816311,1055,325156229
273,7426045349358816311,1055,325168998
274,7426045349358816311,1055,325170294
275,7426045349358816311,1055,325170294
276,7426045349358816311,1055,325191319
277,7426045349358816311,1055,325191319
278,7426045349358816311,1055,325191319
279,7426045349358816311,1055,325191895
280,7426045349358816311,1055,325197224
281,7426045349358816311,1055,325204449
282,7426045349358816311,1055,325204449
283,7426045349358816311,1055,325204458
284,7426045349358816311,1055,325204458
285,7426045349358816311,1055,325211514
286,7426045349358816311,1055,325211514
287,7426045349358816311,1055,325211998
288,7426045349358816311,1155,325330334
289,7426045349358816311,1055,325331010
290,7426045349358816311,1055,325331010
291,7426045349358816311,1055,325331035
292,7426045349358816311,1055,325331204
293,7426045349358816311,1055,325355540
294,7426045349358816311,1055,325355661
295,7426045349358816311,1055,325355661
296,7426045349358816311,1055,325355662
297,7426045349358816311,1055,325355662
298,7426045349358816311,1055,325355662
299,7426045349358816311,1055,325378463
300,7426045349358816311,1055,325402179
301,7426045349358816311,1055,325402179
302,7426045349358816311,1055,325402179
303,7426045349358816311,1055,325402179
304,7426045349358816311,1055,325402179
305,7426045349358816311,2655,326461020
306,7426045349358816311,1055,326492349
307,7426045349358816311,1455,326689485
308,7426045349358816311,1055,326696541
309,7426045349358816311,1055,326696541
310,7426045349358816311,1055,326716990
311,7426045349358816311,1055,326750479
312,7426045349358816311,1055,326750479
313,7426045349358816311,1055,326750479
314,7426045349358816311,1055,326750479
315,7426045349358816311,1055,326750479
316,7426045349358816311,1055,326792095
317,7426045349358816311,1055,326808479
318,7426045349358816311,1055,326828079
319,7426045349358816311,1055,326865328
320,7426045349358816311,1055,326865328
321,7426045349358816311,1155,327037553
322,7426045349358816311,1055,327040578
323,7426045349358816311,1055,327066822
324,7426045349358816311,1055,327066822
325,7426045349358816311,1055,327066822
326,7426045349358816311,1055,327072751
327,7426045349358816311,1055,327075667
328,7426045349358816311,1055,327075667
329,7426045349358816311,1055,327075667
330,7426045349358816311,1055,327075667
331,7426045349358816311,1055,327075667
332,7426045349358816311,1055,327075667
333,7426045349358816311,1055,327088436
334,7426045349358816311,1455,327342452
335,7426045349358816311,1055,327353688
336,7426045349358816311,1055,327353688
337,7426045349358816311,1155,327402088
338,7426045349358816311,1455,327623929
339,7426045349358816311,1055,327627773
340,7426045349358816311,1055,327627773
341,7426045349358816311,1055,327636422
342,7426045349358816311,1055,327636951
343,7426045349358816311,1055,327646167
344,7426045349358816311,1055,327647191
345,7426045349358816311,1955,328034075
346,7426045349358816311,1055,328037439
347,7426045349358816311,1055,328044328
348,7426045349358816311,1055,328050889
349,7426045349358816311,1055,328052185
350,7426045349358816311,1055,328087529
351,7426045349358816311,1055,328088313
352,7426045349358816311,1055,328088313
353,7426045349358816311,1055,328088313
354,7426045349358816311,1155,328160137
355,7426045349358816311,1055,328183241
356,7426045349358816311,1455,328391177
357,7426045349358816311,1055,328391178
358,7426045349358816311,1055,328391178
359,7426045349358816311,1155,328540174
360,7426045349358816311,1055,328540210
361,7426045349358816311,1055,328540210
362,7426045349358816311,1055,328550411
363,7426045349358816311,1055,328550772
364,7426045349358816311,1055,328552141
365,7426045349358816311,1055,328552141
366,7426045349358816311,1055,328591742
367,7426045349358816311,1055,328596642
368,7426045349358816311,1055,328596867
369,7426045349358816311,1055,328597351
370,7426045349358816311,1055,328597351
371,7426045349358816311,1055,328597351
372,7426045349358816311,1055,328597351
373,7426045349358816311,1055,328597351
374,7426045349358816311,1055,328597351
375,7426045349358816311,1055,328597351
376,7426045349358816311,1055,328597351
377,7426045349358816311,1055,328597351
378,7426045349358816311,1055,328597352
379,7426045349358816311,1055,328597352
380,7426045349358816311,1055,328597352
381,7426045349358816311,1055,328597352
382,7426045349358816311,1055,328597352
383,7426045349358816311,1055,328597352
384,7426045349358816311,1055,328597353
385,7426045349358816311,1055,328597353
386,7426045349358816311,1055,328597353
387,7426045349358816311,1055,328597353
388,7426045349358816311,1055,328597353
389,7426045349358816311,1055,328597353
390,7426045349358816311,1055,328597453
391,7426045349358816311,1055,328610909
392,7426045349358816311,1455,328813409
393,7426045349358816311,1055,328818033
394,7426045349358816311,1055,328853754
395,7426045349358816311,1055,328853754
396,7426045349358816311,1055,328853754
397,7426045349358816311,1055,328853754
398,7426045349358816311,1055,328868638
399,7426045349358816311,1055,328868638
400,7426045349358816311,1055,328868638
401,7426045349358816311,1055,328868639
402,7426045349358816311,1055,328874568
403,7426045349358816311,1155,329059468
404,7426045349358816311,1055,329105693
405,7426045349358816311,1055,329118462
406,7426045349358816311,1055,329118466
407,7426045349358816311,1055,329118466
408,7426045349358816311,1055,329118466
409,7426045349358816311,1055,329118466
410,7426045349358816311,1055,329118466
411,7426045349358816311,1055,329163410
412,7426045349358816311,1455,329556539
413,7426045349358816311,1055,329557983
414,7426045349358816311,1955,330238608
415,7426045349358816311,1055,330244384
416,7426045349358816311,1055,330244388
417,7426045349358816311,1055,330244388
418,7426045349358816311,1155,330331413
419,7426045349358816311,1055,330334777
420,7426045349358816311,1055,330367901
421,7426045349358816311,1055,330368097
422,7426045349358816311,1155,330427146
423,7426045349358816311,1155,330511827
424,7426045349358816311,1155,330564727
425,7426045349358816311,1055,330564736
426,7426045349358816311,1055,330573761
427,7426045349358816311,1055,330591986
428,7426045349358816311,1155,330652502
429,7426045349358816311,1155,330743103
430,7426045349358816311,1155,330830128
431,7426045349358816311,1055,330830128
432,7426045349358816311,1055,330831284
433,7426045349358816311,1055,330831309
434,7426045349358816311,1055,330847185
435,7426045349358816311,1055,330848949
436,7426045349358816311,1055,330848949
437,7426045349358816311,1155,330963193
438,7426045349358816311,1055,330972797
439,7426045349358816311,1055,330981446
440,7426045349358816311,1055,330981447
441,7426045349358816311,1155,331078168
442,7426045349358816311,1055,331116193
443,7426045349358816311,1055,331118402
444,7426045349358816311,1055,331118402
445,7426045349358816311,1455,331466502
446,7426045349358816311,1055,331466502
447,7426045349358816311,1055,331466502
448,7426045349358816311,1055,331497127
449,7426045349358816311,1055,331504523
450,7426045349358816311,1055,331504523
451,7426045349358816311,1055,331505484
452,7426045349358816311,1055,331519173
453,7426045349358816311,1055,331519342
454,7426045349358816311,1055,331520942
455,7426045349358816311,1055,331520942
456,7426045349358816311,1055,331524542
457,7426045349358816311,1055,331525503
458,7426045349358816311,1055,331547112
459,7426045349358816311,1055,331560108
460,7426045349358816311,1055,331560108
461,7426045349358816311,1055,331560108
462,7426045349358816311,1055,331560109
463,7426045349358816311,1055,331560109
464,7426045349358816311,1155,331611185
465,7426045349358816311,1055,331642869
466,7426045349358816311,1055,331642869
467,7426045349358816311,1055,331642869
468,7426045349358816311,1055,331642869
469,7426045349358816311,1155,331721830
470,7426045349358816311,1955,332446031
471,7426045349358816311,1155,332543375
472,7426045349358816311,1055,332543375
473,7426045349358816311,1155,332612019
474,7426045349358816311,1055,332629975
475,7426045349358816311,1055,332632000
476,7426045349358816311,1955,333040321
477,7426045349358816311,1955,333538757
478,7426045349358816311,1055,333545813
479,7426045349358816311,1055,333548622
480,7426045349358816311,1055,333559647
481,7426045349358816311,1055,333560736
482,7426045349358816311,1055,333561825
483,7426045349358816311,1055,333561850
484,7426045349358816311,1055,333562250
485,7426045349358816311,1055,333567726
486,7426045349358816311,1055,333575647
487,7426045349358816311,1055,333576547
488,7426045349358816311,1055,333587996
489,7426045349358816311,1055,333600540
490,7426045349358816311,1155,333666589
491,7426045349358816311,1055,333666710
492,7426045349358816311,1055,333666854
493,7426045349358816311,1055,333666854
494,7426045349358816311,1055,333666854
495,7426045349358816311,1055,333666855
496,7426045349358816311,1055,333666855
497,7426045349358816311,1055,333666855
498,7426045349358816311,1055,333666855
499,7426045349358816311,1055,333667944
500,7426045349358816311,1055,333668233
501,7426045349358816311,1055,333683117
502,7426045349358816311,1055,333696573
503,7426045349358816311,1055,333696742
504,7426045349358816311,1055,333716623
505,7426045349358816311,1055,333737359
506,7426045349358816311,1055,333738880
507,7426045349358816311,1055,333747344
508,7426045349358816311,1055,333747344
509,7426045349358816311,1155,333887220
510,7426045349358816311,1055,333887220
511,7426045349358816311,1055,333887220
512,7426045349358816311,1055,333887416
513,7426045349358816311,1055,333893192
514,7426045349358816311,1055,333893516
515,7426045349358816311,1055,333913116
516,7426045349358816311,1055,333913116
517,7426045349358816311,1055,333914341
518,7426045349358816311,1055,333950062
519,7426045349358816311,1055,333950183
520,7426045349358816311,1055,333954672
521,7426045349358816311,1155,334026496
522,7426045349358816311,1055,334026497
523,7426045349358816311,1455,334275498
524,7426045349358816311,1055,334287162
525,7426045349358816311,1055,334287163
526,7426045349358816311,1055,334298612
527,7426045349358816311,1055,334328888
528,7426045349358816311,1055,334348769
529,7426045349358816311,1055,334348769
530,7426045349358816311,1055,334348769
531,7426045349358816311,1055,334348769
532,7426045349358816311,1055,334348769
533,7426045349358816311,1055,334350369
534,7426045349358816311,1155,334418490
535,7426045349358816311,1055,334432414
536,7426045349358816311,1155,334489535
537,7426045349358816311,1055,334489535
538,7426045349358816311,1055,334489535
539,7426045349358816311,1055,334489535
540,7426045349358816311,1055,334489535
541,7426045349358816311,1055,334489535
542,7426045349358816311,1055,334489535
543,7426045349358816311,1055,334489535
544,7426045349358816311,1055,334494435
545,7426045349358816311,1055,334503084
546,7426045349358816311,1055,334526493
547,7426045349358816311,1055,334527393
548,7426045349358816311,1055,334538002
549,7426045349358816311,1155,334716931
550,7426045349358816311,1155,334830500
551,7426045349358816311,1155,334987316
552,7426045349358816311,1055,334987317
553,7426045349358816311,1055,335032686
554,7426045349358816311,1055,335032702
555,7426045349358816311,1055,335035303
556,7426045349358816311,1155,335144203
557,7426045349358816311,1055,335144252
558,7426045349358816311,1055,335144316
559,7426045349358816311,1155,335279740
560,7426045349358816311,1155,335395340
561,7426045349358816311,1455,335617181
562,7426045349358816311,1455,335850470
563,7426045349358816311,1455,336031095
564,7426045349358816311,1455,336235399
565,7426045349358816311,1055,336263960
566,7426045349358816311,1055,336284696
567,7426045349358816311,1055,336284697
568,7426045349358816311,1055,336284697
569,7426045349358816311,1055,336284697
570,7426045349358816311,1055,336288666
571,7426045349358816311,1155,336384766
572,7426045349358816311,1055,336407567
573,7426045349358816311,1055,336437151
574,7426045349358816311,1055,336461800
575,7426045349358816311,1055,336462284
576,7426045349358816311,1155,336589020
577,7426045349358816311,1455,336763744
578,7426045349358816311,1055,336763744
579,7426045349358816311,1055,336763744
580,7426045349358816311,1055,336763744
581,7426045349358816311,1055,336763744
582,7426045349358816311,1055,336784480
583,7426045349358816311,1155,336846481
584,7426045349358816311,1055,336851381
585,7426045349358816311,1455,337090502
586,7426045349358816311,1055,337118391
587,7426045349358816311,1055,337140891
588,7426045349358816311,1155,337190620
589,7426045349358816311,3555,338456245
590,7426045349358816311,1955,339128645
591,7426045349358816311,1055,339144521
592,7426045349358816311,13155,345201042
593,7426045349358816311,1155,345282267
594,7426045349358816311,1055,345312892
595,7426045349358816311,1055,345325213
596,7426045349358816311,3555,346719974
597,7426045349358816311,1055,346719974
598,7426045349358816311,1055,346719974
599,7426045349358816311,1055,346746218
600,7426045349358816311,1155,346872954
601,7426045349358816311,5955,349198579
602,7426045349358816311,3555,350360663
603,7426045349358816311,1155,350466939
604,7426045349358816311,1455,350664964
605,7426045349358816311,1055,350664964
606,7426045349358816311,1055,350664968
607,7426045349358816311,1055,350693529
608,7426045349358816311,1155,350735145
609,7426045349358816311,1155,350848041
610,7426045349358816311,1055,350848041
611,7426045349358816311,1455,351151642
612,7426045349358816311,1155,351257918
613,7426045349358816311,1055,351259518
614,7426045349358816311,1055,351264279
615,7426045349358816311,1955,351964848
616,7426045349358816311,1055,351966964
617,7426045349358816311,1955,352488248
618,7426045349358816311,1055,352501704
619,7426045349358816311,1055,352501729
620,7426045349358816311,1055,352501898
621,7426045349358816311,1055,352504299
622,7426045349358816311,1155,352555828
623,7426045349358816311,1055,352563749
624,7426045349358816311,1055,352569678
625,7426045349358816311,1155,352745239
626,7426045349358816311,1055,352745239
627,7426045349358816311,1055,352745239
628,7426045349358816311,1055,352747543
629,7426045349358816311,1155,352829339
630,7426045349358816311,1155,352888875
631,7426045349358816311,1055,352890244
632,7426045349358816311,1155,353051848
633,7426045349358816311,1055,353053529
634,7426045349358816311,1155,353169129
635,7426045349358816311,1055,353175213
636,7426045349358816311,1455,353434294
637,7426045349358816311,1155,353590319
638,7426045349358816311,1955,354249663
639,7426045349358816311,1055,354254287
640,7426045349358816311,1455,354489512
641,7426045349358816311,1955,355170137
642,7426045349358816311,1155,355215081
643,7426045349358816311,1055,355215081
644,7426045349358816311,1055,355219177
645,7426045349358816311,1055,355221481
646,7426045349358816311,1055,355226105
647,7426045349358816311,1055,355253330
648,7426045349358816311,1055,355276434
649,7426045349358816311,1055,355283158
650,7426045349358816311,1155,355386199
651,7426045349358816311,1055,355402583
652,7426045349358816311,1455,355642683
653,7426045349358816311,2655,356380564
654,7426045349358816311,1055,356398520
655,7426045349358816311,1055,356401329
656,7426045349358816311,1155,356488354
657,7426045349358816311,1155,356587579
658,7426045349358816311,1955,357124868
659,7426045349358816311,1455,357298757
660,7426045349358816311,1155,357402441
661,7426045349358816311,1055,357402765
662,7426045349358816311,1055,357402766
663,7426045349358816311,1155,357466270
664,7426045349358816311,1155,357596591
665,7426045349358816311,1155,357647216
666,7426045349358816311,1055,357658880
667,7426045349358816311,1055,357658880
668,7426045349358816311,1055,357687104
669,7426045349358816311,1055,357687153
670,7426045349358816311,4655,359364178
671,7426045349358816311,1155,359465939
672,7426045349358816311,1155,359587043
673,7426045349358816311,1055,359623907
674,7426045349358816311,1055,359627628
675,7426045349358816311,1055,359627628
676,7426045349358816311,1055,359627628
677,7426045349358816311,1155,359690629
678,7426045349358816311,1955,360338654
679,7426045349358816311,1055,360342375
680,7426045349358816311,1055,360342400
681,7426045349358816311,1055,360342400
682,7426045349358816311,1055,360346000
683,7426045349358816311,1055,360346001
684,7426045349358816311,1055,360346001
685,7426045349358816311,1055,360346026
686,7426045349358816311,1055,360346027
687,7426045349358816311,1055,360346652
688,7426045349358816311,1055,360346773
689,7426045349358816311,1055,360347449
690,7426045349358816311,1055,360351049
691,7426045349358816311,1055,360353858
692,7426045349358816311,1055,360385542
693,7426045349358816311,1055,360387223
694,7426045349358816311,1055,360390823
695,7426045349358816311,1055,360391264
696,7426045349358816311,1055,360424388
697,7426045349358816311,1155,360548292
698,7426045349358816311,1055,360548292
699,7426045349358816311,1055,360556756
700,7426045349358816311,1055,360556756
701,7426045349358816311,1055,360556756
702,7426045349358816311,1055,360558437
703,7426045349358816311,1055,360558437
704,7426045349358816311,1055,360558437
705,7426045349358816311,1055,360558437
706,7426045349358816311,1055,360558441
707,7426045349358816311,1155,360610425
708,7426045349358816311,1055,360610426
709,7426045349358816311,1155,360674942
710,7426045349358816311,1055,360674942
711,7426045349358816311,1155,360759042
712,7426045349358816311,1155,360857638
713,7426045349358816311,1055,360857674
714,7426045349358816311,1055,360859195
715,7426045349358816311,1055,360872420
716,7426045349358816311,1055,360900644
717,7426045349358816311,1055,360901485
718,7426045349358816311,1055,360909406
719,7426045349358816311,1055,360910927
720,7426045349358816311,1155,360972431
721,7426045349358816311,1055,360974367
722,7426045349358816311,1155,361038883
723,7426045349358816311,1055,361038883
724,7426045349358816311,1055,361038883
725,7426045349358816311,1055,361038884
726,7426045349358816311,1055,361038884
727,7426045349358816311,1055,361038884
728,7426045349358816311,1055,361038884
729,7426045349358816311,1055,361038885
730,7426045349358816311,1055,361038886
731,7426045349358816311,1055,361038886
732,7426045349358816311,1055,361038887
733,7426045349358816311,1055,361038888
734,7426045349358816311,1055,361038888
735,7426045349358816311,1055,361038888
736,7426045349358816311,1055,361038888
737,7426045349358816311,1055,361044664
738,7426045349358816311,1155,361132873
739,7426045349358816311,1055,361164914
740,7426045349358816311,1055,361172658
741,7426045349358816311,1155,361239222
742,7426045349358816311,1055,361247322
743,7426045349358816311,1155,361299306
744,7426045349358816311,1055,361305867
745,7426045349358816311,1055,361311196
746,7426045349358816311,1055,361311197
747,7426045349358816311,2655,362021846
748,7426045349358816311,1055,362021846
749,7426045349358816311,1055,362023782
750,7426045349358816311,1455,362230807
751,7426045349358816311,1055,362232176
752,7426045349358816311,1055,362256825
753,7426045349358816311,1055,362289225
754,7426045349358816311,1055,362289225
755,7426045349358816311,1055,362289225
756,7426045349358816311,1055,362289225
757,7426045349358816311,1055,362289225
758,7426045349358816311,1055,362289225
759,7426045349358816311,1055,362289225
760,7426045349358816311,1055,362290669
761,7426045349358816311,1055,362290669
762,7426045349358816311,1055,362329873
763,7426045349358816311,1055,362329873
764,7426045349358816311,1155,362428469
765,7426045349358816311,1055,362443598
766,7426045349358816311,1055,362482014
767,7426045349358816311,1055,362503918
768,7426045349358816311,1055,362503918
769,7426045349358816311,1055,362503918
770,7426045349358816311,1055,362503918
771,7426045349358816311,1055,362503918
772,7426045349358816311,1155,362565422
773,7426045349358816311,1155,362625938
774,7426045349358816311,1155,362684502
775,7426045349358816311,1455,362883418
776,7426045349358816311,1155,363008027
777,7426045349358816311,1455,363222396
778,7426045349358816311,1155,363304765
779,7426045349358816311,1055,363316429
780,7426045349358816311,1055,363324529
781,7426045349358816311,1055,363324529
782,7426045349358816311,1055,363331585
783,7426045349358816311,1055,363331585
784,7426045349358816311,1055,363353786
785,7426045349358816311,1055,363353786
786,7426045349358816311,1055,363372011
787,7426045349358816311,1055,363373380
788,7426045349358816311,1155,363424456
789,7426045349358816311,1055,363424456
790,7426045349358816311,1055,363426137
791,7426045349358816311,1055,363442266
792,7426045349358816311,1055,363442266
793,7426045349358816311,1055,363442267
794,7426045349358816311,1055,363442267
795,7426045349358816311,1055,363452267
796,7426045349358816311,1055,363453636
797,7426045349358816311,1055,363469512
798,7426045349358816311,1055,363486153
799,7426045349358816311,1055,363486829
800,7426045349358816311,1055,363496045
801,7426045349358816311,1055,363509041
802,7426045349358816311,1055,363519041
803,7426045349358816311,1055,363557457
804,7426045349358816311,1055,363558901
805,7426045349358816311,1155,363634526
806,7426045349358816311,1055,363634527
807,7426045349358816311,1455,363922896
808,7426045349358816311,1055,363932112
809,7426045349358816311,1055,363932137
810,7426045349358816311,1055,363932137
811,7426045349358816311,1055,363939193
812,7426045349358816311,1055,363963529
813,7426045349358816311,1055,363963538
814,7426045349358816311,1155,364121147
815,7426045349358816311,1055,364151423
816,7426045349358816311,1055,364161027
817,7426045349358816311,1055,364163428
818,7426045349358816311,1155,364220072
819,7426045349358816311,1055,364246968
820,7426045349358816311,1055,364246968
821,7426045349358816311,1155,364323144
822,7426045349358816311,1055,364323144
823,7426045349358816311,1055,364323144
824,7426045349358816311,1055,364323144
825,7426045349358816311,1055,364323873
826,7426045349358816311,1055,364330762
827,7426045349358816311,1055,364340762
828,7426045349358816311,1055,364374251
829,7426045349358816311,1055,364403492
830,7426045349358816311,1055,364443492
831,7426045349358816311,1055,364443492
832,7426045349358816311,1055,364453096
833,7426045349358816311,1055,364463705
834,7426045349358816311,1055,364469946
835,7426045349358816311,1055,364481610
836,7426045349358816311,1055,364491811
837,7426045349358816311,1055,364491811
838,7426045349358816311,1055,364491811
839,7426045349358816311,1055,364491811
840,7426045349358816311,1055,364491811
841,7426045349358816311,1155,364649420
842,7426045349358816311,1155,364778301
843,7426045349358816311,13155,369578782
844,7426045349358816311,1055,369585023
845,7426045349358816311,1055,369585023
846,7426045349358816311,1055,369600152
847,7426045349358816311,1055,369640956
848,7426045349358816311,1055,369646140
849,7426045349358816311,1055,369649740
850,7426045349358816311,1155,369728140
851,7426045349358816311,1055,369728464
852,7426045349358816311,1055,369735188
853,7426045349358816311,1055,369765813
854,7426045349358816311,1455,369937209
855,7426045349358816311,1055,369950205
856,7426045349358816311,1055,369952909
857,7426045349358816311,1055,369952909
858,7426045349358816311,1055,369952958
859,7426045349358816311,1055,369954183
860,7426045349358816311,1055,369954667
861,7426045349358816311,1055,369966767
862,7426045349358816311,1055,369980928
863,7426045349358816311,1055,370017028
864,7426045349358816311,1055,370043924
865,7426045349358816311,1055,370048965
866,7426045349358816311,1055,370053454
867,7426045349358816311,1055,370075655
868,7426045349358816311,1055,370076331
869,7426045349358816311,1055,370117135
870,7426045349358816311,1055,370150991
871,7426045349358816311,1055,370153107
872,7426045349358816311,1055,370159996
873,7426045349358816311,1055,370181605
874,7426045349358816311,1055,370183049
875,7426045349358816311,1055,370190274
876,7426045349358816311,1055,370208499
877,7426045349358816311,1055,370211635
878,7426045349358816311,1055,370211635
879,7426045349358816311,1055,370211635
880,7426045349358816311,1055,370211635
881,7426045349358816311,1055,370211635
882,7426045349358816311,1055,370211635
883,7426045349358816311,1055,370211635
884,7426045349358816311,1055,370211635
885,7426045349358816311,1155,370337660
886,7426045349358816311,1455,370535685
887,7426045349358816311,1055,370549846
888,7426045349358816311,1055,370552655
889,7426045349358816311,1155,370607880
890,7426045349358816311,1155,370703980
891,7426045349358816311,1155,370852205
892,7426045349358816311,1155,370907901
893,7426045349358816311,1455,371233942
894,7426045349358816311,1055,371233991
895,7426045349358816311,1055,371233991
896,7426045349358816311,1055,371236800
897,7426045349358816311,1055,371255844
898,7426045349358816311,1055,371255844
899,7426045349358816311,1055,371255844
900,7426045349358816311,1055,371256100
901,7426045349358816311,1055,371256101
902,7426045349358816311,1055,371256101
903,7426045349358816311,1055,371256101
904,7426045349358816311,1055,371256101
905,7426045349358816311,1055,371256102
906,7426045349358816311,1055,371294518
907,7426045349358816311,1055,371298239
908,7426045349358816311,1055,371298239
909,7426045349358816311,1055,371298255
910,7426045349358816311,1055,371298259
911,7426045349358816311,1055,371321363
912,7426045349358816311,1055,371331363
913,7426045349358816311,1055,371331363
914,7426045349358816311,1055,371367844
915,7426045349358816311,1055,371367845
916,7426045349358816311,1055,371367846
917,7426045349358816311,1155,371441830
918,7426045349358816311,1055,371441831
919,7426045349358816311,1055,371444856
920,7426045349358816311,1055,371466760
921,7426045349358816311,1055,371510860
922,7426045349358816311,1055,371512304
923,7426045349358816311,1055,371512304
924,7426045349358816311,1055,371541888
925,7426045349358816311,1155,371588113
926,7426045349358816311,1055,371591138
927,7426045349358816311,1955,372118214
928,7426045349358816311,1055,372146103
929,7426045349358816311,1055,372161728
930,7426045349358816311,1055,372179953
931,7426045349358816311,1055,372183797
932,7426045349358816311,1155,372242846
933,7426045349358816311,1155,372292575
934,7426045349358816311,1155,372357600
935,7426045349358816311,1055,372369481
936,7426045349358816311,1155,372492682
937,7426045349358816311,1455,372730826
938,7426045349358816311,1055,372731667
939,7426045349358816311,1155,372812892
940,7426045349358816311,1155,372872917
941,7426045349358816311,1055,372876398
942,7426045349358816311,1055,372888498
943,7426045349358816311,1155,372952507
944,7426045349358816311,1055,372979076
945,7426045349358816311,1455,373207560
946,7426045349358816311,1155,373342984
947,7426045349358816311,1055,373344353
948,7426045349358816311,1055,373371909
949,7426045349358816311,1155,373433413
950,7426045349358816311,1055,373433413
951,7426045349358816311,1055,373433413
952,7426045349358816311,1155,373524617
953,7426045349358816311,1055,373524617
954,7426045349358816311,1055,373524621
955,7426045349358816311,1055,373524621
956,7426045349358816311,1055,373559590
957,7426045349358816311,1055,373561991
958,7426045349358816311,1055,373563080
959,7426045349358816311,1055,373563105
960,7426045349358816311,1055,373586821
961,7426045349358816311,1055,373592750
962,7426045349358816311,1155,373706319
963,7426045349358816311,1055,373708255
964,7426045349358816311,1055,373718659
965,7426045349358816311,1055,373719059
966,7426045349358816311,1155,373820183
967,7426045349358816311,1055,373820183
968,7426045349358816311,1055,373827752
969,7426045349358816311,1055,373829961
970,7426045349358816311,1055,373838242
971,7426045349358816311,1055,373838251
972,7426045349358816311,1055,373838927
973,7426045349358816311,1055,373838927
974,7426045349358816311,1055,373838928
975,7426045349358816311,1055,373838928
976,7426045349358816311,1055,373838929
977,7426045349358816311,1055,373838929
978,7426045349358816311,1055,373838929
979,7426045349358816311,1055,373838929
980,7426045349358816311,1055,373838929
981,7426045349358816311,1055,373838929
982,7426045349358816311,1055,373838929
983,7426045349358816311,1055,373838929
984,7426045349358816311,1055,373838930
985,7426045349358816311,1055,373838930
986,7426045349358816311,1055,373838930
987,7426045349358816311,1055,373838930
988,7426045349358816311,1155,373902939
989,7426045349358816311,1155,373959583
990,7426045349358816311,1155,374003264
991,7426045349358816311,1055,374013065
992,7426045349358816311,1955,374447346
993,7426045349358816311,1155,374520787
994,7426045349358816311,1055,374520787
995,7426045349358816311,1155,374567443
996,7426045349358816311,1055,374577644
997,7426045349358816311,1455,374808044
998,7426045349358816311,1155,374939088
999,7426045349358816311,1055,374939089
